{
  "$schema": "http://json-schema.org/draft-03/schema",
  "title": "marlincdm_json_initdata",
  "description": "Marlin Content Decryption Module json initData for generateKeyRequest function",
  "type": "object",
  "properties": {
	"version": {
		"description": "version number of marlin cdm initdata format.",
		"type": "string",
		"required": false,
		"enum": ["1.0"]
	}
	"data_type": {
		"description": "data type of initdata format.",
		"type": "string",
		"required": true,
		"enum": ["atkn", "ms3", "ltp", "prop"]
	},
	"atkn":{
		"descripion": "information for license acquisition from action token. this property is required if data_type is atkn. either matd or matu is required to process action token processing",
		"type": "object",
		"properties": {
			"matd": {
				"description": "action token string for license acquisition or user registration, user deregistration",
				"type": "string"
			},
			"matu": {
				"description": "action token url for license acquisition or user registration, user deregistration",
				"type": "string"
			}
			"optional_parameters": {
				"description": "additional required parameters for action token processing",
				"type": "array",
				"required": false,
				"items": {
					"type": "object",
					"properties": {
						"name": {
							"description": "a string specifying the name",
							"type": "string",
							"_example": "accountid"
						},
						"value": {
							"description": "a string specifying the value",
							"type": "string",
							"_example": "AnyString"
						}
					}
				},
				"_example": [{"accoundid": "AnyString"}, {"serviceid": "AnyString"}]
			}
		}
	},
	"ms3":{
		"descripion": "information for ms3 processing. this property is required if data_type is ms3.",
		"type": "object",
		"properties": {
		    "trigger_type": {
			    "description": "trigger type information for sas aqcuisition",
				"type": "string",
				"enum": ["actiontoken", "compounduri", "manifestfile"]
			}
			"suri": {
				"description": "uri for sas acquisition",
				"type": "string",
				"required": true
			}
		}
	},
	"ltp":{
		"descripion": "information for ltp processing. this property is required if data_type is ltp.",
		"type": "object",
		"properties": {
			"message": {
				"description": "ltp message for ltp processing. It is encoded base64",
				"type": "string",
				"required": true
			}
		}
	},
	"prop": {
		"description": "information for quering specified data from marlin cdm. this property is required if data_type is prop.",
		"type": "object",
		"properties": {
			"name": {
				"description": "property name",
				"type": "string",
				"required": true
			},
			"optional_parameters": {
				"description": "additional required parameters",
				"type": "array",
				"required": false,
				"items": {
					"type": "object",
					"properties": {
						"name": {
							"description": "a string specifying the name",
							"type": "string"
						},
						"value": {
							"description": "a string specifying the value",
							"type": "string"
						}
					}
				},
				"example": [{"accoundid": "AnyString"}, {"serviceid": "AnyString"}]
			}
		}
	}
  }
}
