{
  "$schema": "http://json-schema.org/draft-03/schema",
  "name": "marlincdm_json_response_message",
  "description": "Marlin Content Decryption Module json response message",
  "type": "object",
  "properties": {
	"version": {
		"description": "version number of marlin cdm json message format",
		"type": "string",
		"required":false,
		"enum": ["1.0"]
	},
	"message_type": {
		"description": "data type of json message",
		"type": "string",
		"enum": ["none", "httpResponse", "license", "tls_record"],
		"required":true
	},
	"httpResponse":{
		"descripion": "http response message. this property is required if message_type is httpResponse",
		"type": "object",
		"properties": {
			"statusCode":{
				"description": "an integer specifying the HTTP response Status Code",
				"type": "integer",
				"required": true,
				"example": "200"
			},
			"headers":{
				"description": "http header parameters. an array of one or more JSON objects",
				"type": "array",
				"required": true,
				"items": {
					"type": "object",
					"properties": {
						"name": {
							"description": "a string specifying the HTTP header name",
							"type": "string"
						},
						"value": {
							"description": "a string specifying the HTTP header value",
							"type": "string"
						}
					}
				}
			},
			"body":{
				"description": "base64-encoded string containing the HTTP message body",
				"type": "string",
				"required": true,
				"example":"PGhlbGxvLz4K"
			}
		}
	},
	"license": {
		"description": "marlin BB license data for license load. this property is required if message_type is license. this property is only used for Android case",
		"type": "object",
		"properties": {
			"data": {
				"description": "marlin BB license data which is base64-encoded",
				"type": "string",
				"required": true
			},
			"path": {
				"description": "a string specifying the license path",
				"type": "string"
			}
		}
	},
	"tls_record": {
		"description": "base64-encoded string containing tls record for sas acquisition. This property is required if message_type is tls_record",
		"type": "string",
	}
  }
}
