{
  "$schema": "http://json-schema.org/draft-03/schema",
  "name": "marlincdm_json_response_message",
  "description": "Marlin Content Decryption Module json response message for EME case",
  "type": "object",
  "properties": {
	"httpResponse":{
		"descripion": "http response message. this property is required if message_type is httpResponse",
		"type": "object",
		"properties": {
			"statusCode":{
				"description": "an integer specifying the HTTP response Status Code",
				"type": "integer",
				"required": true,
				"example": "200"
			},
			"headers":{
				"description": "http header parameters. an array of one or more JSON objects",
				"type": "array",
				"required": true,
				"items": {
					"type": "object",
					"properties": {
						"name": {
							"description": "a string specifying the HTTP header name",
							"type": "string"
						},
						"value": {
							"description": "a string specifying the HTTP header value",
							"type": "string"
						}
					}
				}
			},
			"body":{
				"description": "base64-encoded string containing the HTTP message body",
				"type": "string",
				"required": true,
				"example":"PGhlbGxvLz4K"
			}
		}
	},
	"queryResponse": {
		"description": "queryRequest message. this property is required if message_type is queryRequest",
		"type": "object",
		"properties": {
			"value": {
				"description": "The value of queried Marlin property",
				"type": "string",
				"required": "true",
				"example" : "urn:marlin:eme:query-response:duidString"
			}
		}
	},
	"applicationError": {
		"descripion": "applicationError message. this property is required if message_type is applicationError",
		"type": "object",
		"properties": {
			"code": {
				"descripion": "error code occured in application",
				"type": "integer",
				"required": true
			}
		}
	}
  }
}
